eCO2,tvoc,EtOH,indoor-aqi,crowd_density,C_norm,V_norm,E_norm,I_norm
400.27,2.0,1.0,10.0,0.2,5.869565217390909e-05,0.002,0.001,0.02
2122.8845466978673,493.10537223980145,475.11867691040123,115.87351095014309,0.956614621083458,0.3745401188473625,0.49310537223980144,0.4751186769104012,0.23174702190028618
4773.285809485615,349.08085700987255,223.00288647897787,94.94644504480745,0.06895801635642118,0.9507143064099163,0.34908085700987257,0.22300288647897787,0.1898928900896149
3767.172132332463,268.0481831720602,92.56646441930982,215.83341239295632,0.05705472115125432,0.7319939418114051,0.2680481831720602,0.09256646441930982,0.4316668247859126
3153.8290273063685,154.76380814316389,270.9504736891791,129.77044628405451,0.28218707469320015,0.5986584841970366,0.15476380814316387,0.27095047368917907,0.259540892568109
1117.685746035208,406.89750985347433,436.47291793820415,119.79546940743275,0.26170568373590597,0.15601864044243652,0.40689750985347434,0.43647291793820414,0.23959093881486548
1117.5747935465322,342.3655862769396,366.1124432047806,6.410516451608922,0.24697879907199982,0.15599452033620265,0.3423655862769396,0.3661124432047806,0.012821032903217844
667.1846159737175,81.30846967244565,403.28057393072487,85.3119569065391,0.9062545805210367,0.05808361216819947,0.08130846967244565,0.40328057393072486,0.17062391381307818
4384.410270564702,455.4635922469212,329.3916833553587,95.04890469646426,0.2495461998495061,0.8661761457749352,0.45546359224692123,0.3293916833553587,0.19009780939292853
3165.1290540187606,411.2686214615845,346.1382822589262,99.70569522422512,0.271949726128631,0.6011150117432088,0.4112686214615845,0.34613828225892623,0.19941139044845024
3657.1338578618092,474.899956645962,424.59782578265964,145.04309230683307,0.7593982624179637,0.7080725777960455,0.474899956645962,0.42459782578265964,0.29008618461366614
494.68867376069124,362.85975419417997,124.83400442959297,133.40063668171962,0.44973984245054,0.020584494295802443,0.36285975419418,0.12483400442959297,0.26680127336343923
4861.585319945174,306.7075979678949,244.71248182157024,151.97627319836116,0.7767105569551812,0.9699098521619943,0.30670759796789493,0.24471248182157024,0.3039525463967223
4229.236147681941,209.12151814530944,110.60472090980112,191.22081538553206,0.06536615756438524,0.8324426408004219,0.20912151814530944,0.11060472090980111,0.38244163077106413
1376.7599091200705,466.36424167700665,493.8340039983235,203.24643467902337,0.4875711936733843,0.21233911067827618,0.46636424167700663,0.4938340039983235,0.40649286935804674
1236.3948491526628,433.03194475020416,472.02966984330664,179.5307690566236,0.03361360018328263,0.18182496720710062,0.4330319447502042,0.47202966984330663,0.3590615381132472
1243.6607453257957,22.609335053094703,19.713405684252947,238.88092398873368,0.06265320345535452,0.18340450985343384,0.022609335053094703,0.019713405684252946,0.47776184797746735
1799.5143176138736,13.183487248626003,352.7875862578442,4.558145669090408,0.906437453344411,0.3042422429595377,0.013183487248626002,0.35278758625784423,0.009116291338180815
2813.879585508294,188.2316834390248,462.6241587078329,48.94449642088652,0.13924537111759516,0.5247564316322378,0.1882316834390248,0.4626241587078329,0.09788899284177305
2386.9470857537326,405.27666539091643,90.28767256366676,1.89071874453553,0.5324206822752171,0.43194501864211576,0.40527666539091645,0.09028767256366677,0.00378143748907106
1739.6540449109928,493.6380646574722,283.97261527631474,161.86867853865076,0.41109560260070654,0.2912291401980419,0.49363806465747223,0.28397261527631473,0.3237373570773015
3214.5233157229454,75.20844555176409,457.74414879402093,224.50763723749674,0.3473433262588427,0.6118528947223795,0.07520844555176409,0.4577441487940209,0.44901527447499345
1041.6717589993923,297.06535767606755,16.97298929289942,60.870574144074816,0.8998333456872725,0.1394938606520418,0.29706535767606757,0.01697298929289942,0.12174114828814964
1743.8653832620034,190.44542831551075,348.71013362341995,231.75863619907665,0.0218233967754895,0.29214464853521815,0.19044542831551076,0.34871013362341996,0.46351727239815327
2085.264479150982,484.9571989073016,148.6745036862754,15.066847572390213,0.6637896861755891,0.36636184329369176,0.4849571989073016,0.14867450368627538,0.030133695144780426
2497.9219273983654,421.0594615678543,462.1980976882652,233.60900670137858,0.9633944342135504,0.45606998421703593,0.42105946156785434,0.4621980976882652,0.46721801340275715
4011.8094224078627,419.16435235556895,485.5291225826839,87.9056718099086,0.5601681834618419,0.7851759613930136,0.4191643523555689,0.4855291225826839,0.1758113436198172
1318.4993979284548,234.34657989748513,472.13324455671693,25.35520711230413,0.9368224620330918,0.19967378215835974,0.23434657989748514,0.47213324455671696,0.05071041422460826
2765.4784167026132,207.4097511688326,237.1071083287319,121.4679397965814,0.05225787928602377,0.5142344384136116,0.2074097511688326,0.23710710832873189,0.24293587959316282
3125.107016765395,136.70353596535313,431.0213254946567,64.19414193012699,0.4187933190741614,0.5924145688620425,0.13670353596535312,0.4310213254946567,0.12838828386025397
613.6718985119895,28.18774832546356,422.2746992675352,71.2182254904807,0.26015779096205116,0.046450412719997725,0.02818774832546356,0.4222746992675352,0.14243645098096142
3194.7063187466165,432.3611881275266,159.55023662162782,76.82249123157165,0.7308209649807298,0.6075448519014384,0.4323611881275266,0.15955023662162782,0.1536449824631433
1184.4109689615411,406.4505045650388,414.4577370753387,200.75647445816585,0.9812970904972467,0.17052412368729156,0.4064505045650388,0.4144577370753387,0.4015129489163317
699.2373277322858,499.8588366430653,18.50381735774631,134.79031916881362,0.2565300624442478,0.06505159298527953,0.4998588366430653,0.01850381735774631,0.26958063833762724
4764.873471365333,498.31841853695266,298.13493924102653,77.82692478900091,0.6541746014740745,0.9488855372533332,0.4983184185369527,0.2981349392410265,0.15565384957800182
4841.907352142973,277.7158528013137,115.00441864385152,152.5834458277296,0.19809763275974013,0.9656320330745592,0.2777158528013137,0.11500441864385152,0.3051668916554592
4118.627801335721,384.49370759025527,60.28344288863941,179.0376685557984,0.5653302545716099,0.8083973481164611,0.38449370759025525,0.060283442888639405,0.35807533711159684
1801.2233381975052,472.382864941214,38.47660081460458,68.15600018338344,0.4639324866883362,0.3046137691733707,0.472382864941214,0.03847660081460458,0.13631200036676688
849.2917244293658,424.8236953387057,348.1443879390699,103.38727538133787,0.9720053296315371,0.09767211400638387,0.42482369533870573,0.3481443879390699,0.20677455076267576
3547.4719219559215,123.67405087159882,169.93748188403308,30.47152333423689,0.6085272726964666,0.6842330265121569,0.12367405087159883,0.16993748188403307,0.06094304666847378
2424.701471202166,225.27206765504675,362.3833857643807,45.28733738367008,0.3495063720868188,0.4401524937396013,0.22527206765504676,0.3623833857643807,0.09057467476734016
961.3758802859826,64.57970757574749,32.678170399471185,170.2794634912457,0.11409578488793337,0.12203823484477883,0.06457970757574749,0.032678170399471185,0.3405589269824914
2677.813786511843,477.02551362936117,157.64516891530516,45.35958692390673,0.15124682873493456,0.4951769101112702,0.4770255136293612,0.15764516891530517,0.09071917384781346
558.1871971300046,303.08731722544,269.7456461876686,131.29084591676505,0.2253169299512351,0.034388521115218396,0.30308731722544,0.2697456461876686,0.2625816918335301
4582.8738495623975,114.32140275173136,395.36158241948175,177.26156543060816,0.250966661340298,0.9093204020787821,0.11432140275173136,0.39536158241948177,0.35452313086121634
1590.3879153600778,335.85034220292835,159.37625146603494,26.719230773685958,0.8506160578411378,0.2587799816000169,0.33585034220292836,0.15937625146603496,0.05343846154737192
3447.602508028317,309.0641202289479,312.94568821850453,141.8280549072259,0.5612227882825249,0.662522284353982,0.3090641202289479,0.31294568821850455,0.2836561098144518
1833.8709500112905,179.08135901642024,442.9888741180936,64.14069592534094,0.5233909113743664,0.31171107608941095,0.17908135901642025,0.44298887411809357,0.12828139185068188
2792.31289741793,56.778796099814514,307.9315940911523,240.73171880939495,0.11476887186921747,0.5200680211778108,0.05677879609981452,0.3079315940911523,0.4814634376187899
2914.8672849790864,335.7865977963998,116.47973737681689,120.88641167998118,0.860139693349435,0.5467102793432796,0.3357865977963998,0.11647973737681688,0.24177282335996236
1250.3304954174243,260.15385045189663,12.20039077826901,201.49813744378952,0.7228143032084837,0.18485445552552704,0.26015385045189665,0.01220039077826901,0.40299627488757905
4860.089287716969,386.1591958678197,435.04943695046495,137.55663553906544,0.06766836190000158,0.9695846277645584,0.38615919586781966,0.43504943695046494,0.2751132710781309
3965.610987461127,260.0817505559967,10.63470542519357,10.85313321370479,0.7078350972297687,0.7751328233611146,0.2600817505559967,0.010634705425193569,0.021706266427409582
4721.69513119527,426.09075015927004,437.3508363420997,158.2878438985056,0.5435382173426461,0.9394989415641891,0.42609075015927006,0.4373508363420997,0.3165756877970112
4516.205811967185,275.9534193872428,264.468567013606,237.85083555166426,0.08172534574677826,0.8948273504276488,0.27595341938724277,0.264468567013606,0.4757016711033285
3150.339902530992,280.46898576769314,469.5338492564481,150.4029550365828,0.45830064152865646,0.5978999788110851,0.28046898576769314,0.4695338492564481,0.3008059100731656
4640.621481106337,438.3268013291725,399.3916178868327,204.79721485669756,0.484696287130047,0.9218742350231168,0.4383268013291725,0.3993916178868327,0.4095944297133951
807.0655094388296,201.7414331061985,498.96705526666875,221.05161583710196,0.16577454016327575,0.08849250205191948,0.20174143310619852,0.49896705526666874,0.4421032316742039
1301.5211671280679,67.00761422532037,175.35590772585508,57.01994298723312,0.9456981470002823,0.1959828624191452,0.06700761422532037,0.17535590772585508,0.11403988597446625
608.0455289884751,14.391338156669487,383.59414446556343,53.01120997705666,0.8499753714806619,0.045227288910538066,0.014391338156669488,0.38359414446556345,0.10602241995411332
1896.519521511016,377.5686278368095,200.96545680462108,152.74524721274793,0.6690223373291083,0.32533033076326434,0.3775686278368095,0.20096545680462108,0.30549049442549586
2187.9155325716174,310.15477567673236,239.9378101519544,102.75711745167618,0.4622955610006072,0.38867728968948206,0.31015477567673233,0.23993781015195442,0.20551423490335236
1648.2055461599211,352.03988404961177,313.75273160918505,209.9653257166801,0.4117655415845085,0.2713490317738959,0.3520398840496118,0.31375273160918504,0.41993065143336017
4212.1925420988755,106.48208075445537,436.83855709316936,225.0057808495028,0.6509734671509542,0.8287375091519295,0.10648208075445537,0.4368385570931694,0.4500115616990056
2041.0653027905107,68.18573779338489,492.04173459964755,88.35534482567952,0.5454318694069055,0.3567533266935893,0.06818573779338488,0.49204173459964756,0.17671068965135905
1692.2987445619515,7.272332833940965,384.1367069322591,59.217639743620516,0.062273105881885615,0.28093450968738076,0.007272332833940965,0.3841367069322591,0.11843527948724103
2896.401982527943,175.2937794032985,208.88339108366688,195.13137881096546,0.5125026487703317,0.5426960831582485,0.1752937794032985,0.20888339108366688,0.3902627576219309
1048.2514348839081,294.95884342731654,210.6785011385351,68.70150888703402,0.8064036172328395,0.14092422497476265,0.29495884342731654,0.2106785011385351,0.13740301777406805
4090.1061114685826,196.12202254986616,368.79115079444574,205.6535796284196,0.45923987759695806,0.8021969807540397,0.19612202254986616,0.36879115079444574,0.4113071592568392
742.9329609269457,218.73746101186453,119.38857288415117,105.93456341219071,0.05195657755426841,0.07455064367977081,0.21873746101186453,0.11938857288415117,0.21186912682438142
4939.679908362379,452.0793472468742,55.23705656569733,166.8874748228676,0.7862781993840331,0.9868869366005172,0.4520793472468742,0.05523705656569733,0.33377494964573523
3952.325938764624,174.12773351165018,177.31107882038827,23.883828458667043,0.2013637821359744,0.7722447692966574,0.17412773351165017,0.17731107882038827,0.04776765691733409
1314.092135057193,256.9947445799054,143.61949582704088,155.96483116914325,0.2586208348880388,0.19871568153417238,0.2569947445799054,0.14361949582704087,0.3119296623382865
425.401738768571,391.82650637057156,148.15406022799505,112.94191968430728,0.1647063534322959,0.005522117123602396,0.3918265063705716,0.14815406022799504,0.22588383936861456
4151.1225708922375,198.2713911606351,116.80387552495498,146.65211579386852,0.33021506487149754,0.8154614284548343,0.19827139116063508,0.11680387552495497,0.29330423158773705
3651.543781699039,311.04335011393675,21.046594818180942,42.00355193621586,0.756751505688635,0.7068573438476171,0.31104335011393675,0.02104659481818094,0.08400710387243171
3753.4329729885417,431.1818543733726,8.936967366706906,184.21843623604553,0.5193858595039373,0.7290071680409873,0.4311818543733726,0.008936967366706907,0.36843687247209106
3947.8435947553503,474.76031182882105,493.8611948680158,215.69926938580713,0.20488127415071256,0.7712703466859457,0.47476031182882106,0.4938611948680158,0.43139853877161427
740.6053979768157,73.53674046451897,213.88656686793118,54.18495002269391,0.8778300781520408,0.07404465173409036,0.07353674046451897,0.21388656686793117,0.10836990004538782
2048.942351303654,463.2938125807472,192.16332357984084,23.92863888004043,0.8795818549515292,0.3584657285442726,0.4632938125807472,0.19216332357984084,0.04785727776008086
932.9976738155967,246.0581465397691,339.82364134653494,5.909646511584099,0.8705784250460069,0.11586905952512973,0.2460581465397691,0.3398236413465349,0.011819293023168198
4370.275759027731,129.12219414947918,109.12694393253209,160.4928751108165,0.23879621138153928,0.8631034258755936,0.12912219414947917,0.10912694393253208,0.320985750221633
3267.1713834067664,229.56787811913065,474.98059197511265,151.77350902219519,0.4512393441809881,0.6232981268275579,0.22956787811913065,0.47498059197511266,0.3035470180443904
1922.1309143221863,490.0162876427385,393.17250720777605,136.6743531785175,0.9849896561408751,0.3308980248526492,0.4900162876427385,0.393172507207776,0.273348706357035
692.3684113157087,246.3090469964348,44.705501156129756,57.98677402899386,0.7720124763099904,0.06355835028602363,0.2463090469964348,0.04470550115612976,0.11597354805798771
1830.518679892046,164.3758051437541,208.79038789246417,97.72649897637866,0.027167421225559818,0.3109823217156622,0.1643758051437541,0.20879038789246418,0.19545299795275733
1895.8432813230363,316.7004271583629,439.55915378108233,148.61908379654326,0.06520459126049205,0.32518332202674705,0.31670042715836294,0.43955915378108235,0.2972381675930865
3756.188420355095,120.07280938909653,472.36601114570516,124.19171471479234,0.46393137681233276,0.7296061783380641,0.12007280938909654,0.47236601114570514,0.2483834294295847
3332.7643682339803,37.93166405433196,233.70075562493486,246.94638005372184,0.9092202058615602,0.6375574713552131,0.03793166405433196,0.23370075562493486,0.49389276010744365
4481.178615851102,64.43986095532462,306.70569460535387,34.109938139183285,0.5387017979527142,0.8872127425763265,0.06443986095532461,0.30670569460535385,0.06821987627836656
2572.1886557449666,64.02291947888622,83.5169730460376,173.78613851189846,0.4978125080342902,0.47221492516194924,0.06402291947888622,0.08351697304603761,0.3475722770237969
950.1335313161878,75.95134675614717,495.58431306848826,101.07969202607303,0.10547369995663058,0.1195942459383017,0.07595134675614718,0.49558431306848827,0.20215938405214606
3680.926021225777,69.41358632470507,115.8358506917217,107.04990373140369,0.656780104724294,0.713244787222995,0.06941358632470507,0.1158358506917217,0.21409980746280738
3899.611223637728,320.4373724016073,471.3658870675628,179.39944141454407,0.8221031606002255,0.7607850486168974,0.3204373724016073,0.4713658870675628,0.3587988828290881
2981.8751088196827,90.94004219957242,324.8233244961842,173.10903783109242,0.38042000750756233,0.5612771975694962,0.09094004219957241,0.32482332449618423,0.3462180756621848
3946.4490277909804,172.8336416619316,303.86839743942954,247.81399842554708,0.7756118509253275,0.770967179954561,0.1728336416619316,0.30386839743942956,0.49562799685109415
2671.4597432761975,448.3942049530059,256.3442555082543,32.09857236353131,0.9644766539008116,0.49379559636439074,0.4483942049530059,0.25634425550825435,0.06419714472706262
2804.5710151571725,236.9808201314362,115.33490585887934,26.027412346041583,0.2037664591276891,0.5227328293819941,0.23698082013143618,0.11533490585887934,0.05205482469208317
2366.6886844493283,333.7788692605136,88.26401600275413,181.0847042821853,0.5233296311947413,0.42754101835854963,0.3337788692605136,0.08826401600275413,0.3621694085643706
516.9279830228379,86.15993560081492,110.24310453508768,144.59672925160228,0.28713795808457554,0.0254191267440952,0.08615993560081492,0.11024310453508768,0.28919345850320455
896.3005641692005,96.1445094043354,93.21913107212725,68.54016663995147,0.7928544190338394,0.10789142699330445,0.0961445094043354,0.09321913107212726,0.13708033327990293
544.5742541589775,20.434308133239433,389.79223678337667,19.85484224724665,0.5775933658811575,0.031429185686734244,0.020434308133239435,0.38979223678337666,0.0397096844944933
3327.48789181339,84.46753153608228,175.06262958336504,21.414562399107634,0.6345824175503038,0.6364104112637804,0.08446753153608227,0.17506262958336505,0.04282912479821527
1846.0375129511026,139.29516951597932,28.921338281698183,223.54771866602957,0.7979141596158941,0.3143559810763267,0.1392951695159793,0.028921338281698183,0.44709543733205914
2739.4251793576327,88.5052421383734,484.5513150704057,47.96683117968573,0.3959704726624549,0.5085706911647028,0.08850524213837341,0.48455131507040566,0.09593366235937145
4574.805780060028,44.35126687852781,441.89294248171285,80.84289052888019,0.9150900684070432,0.9075664739260931,0.044351266878527806,0.44189294248171285,0.16168578105776038
1546.7442540848247,60.317935550300405,463.8761415976065,56.664100556747,0.53302886724614,0.24929222914887492,0.060317935550300406,0.4638761415976065,0.11332820111349401
2287.7614459638967,230.3893840163629,497.45391132321765,88.74907645798433,0.157954822835348,0.41038292303562973,0.23038938401636289,0.49745391132321765,0.17749815291596865
3875.5352372980237,103.16685920289626,86.94762460974364,17.355960686523343,0.6958991181688025,0.7555511385430487,0.10316685920289627,0.08694762460974365,0.034711921373046684
1452.4715612614634,182.13493052403774,198.12100945132937,129.76494772706758,0.7932613504382544,0.2287981654916225,0.18213493052403773,0.19812100945132938,0.2595298954541352
754.1075852124477,251.70863542742845,379.11923785204567,16.903140898053724,0.31676167706752667,0.07697990982879298,0.25170863542742844,0.37911923785204565,0.03380628179610745
1732.856683403333,345.19741431468265,348.0103090268961,200.0891269555904,0.857179256998753,0.289751452913768,0.34519741431468265,0.3480103090268961,0.4001782539111808
1141.6179213684204,19.65606992054947,76.94795316992753,58.42802047760826,0.9061432547657664,0.16122128725400445,0.01965606992054947,0.07694795316992753,0.11685604095521651
4676.609200775836,399.70519945452133,407.9165624953089,135.00297865112765,0.2769044873778089,0.9296976523425731,0.3997051994545213,0.4079165624953089,0.2700059573022553
4117.353745996318,313.95019474545387,112.22028591833033,220.01977189036455,0.9835214727152221,0.808120379564417,0.3139501947454539,0.11222028591833033,0.4400395437807291
3313.657279947948,40.879515974435954,111.90880741131154,162.71934226179854,0.14071152804875842,0.6334037565104235,0.040879515974435954,0.11190880741131154,0.3254386845235971
4408.718714863502,436.7893120533886,268.4872114467068,133.23944663783382,0.20201566840248997,0.8714605901877178,0.4367893120533886,0.2684872114467068,0.26647889327566765
4096.891553735926,460.43620026590656,296.46996742085156,81.0834382788439,0.18422483923802613,0.8036720768991144,0.46043620026590654,0.2964699674208516,0.1621668765576878
1258.222270875765,30.538979927431875,290.0431039189056,83.25047826454949,0.8939897100078704,0.18657005888603587,0.030538979927431875,0.29004310391890564,0.16650095652909896
4505.771393053898,138.43882407360186,45.743418698877434,167.37173879954753,0.6542925523249619,0.8925589984899778,0.13843882407360186,0.045743418698877436,0.33474347759909506
2880.9743128119935,403.10063989653065,438.7304313151902,248.53484030529188,0.15210428322227287,0.5393422419156507,0.40310063989653067,0.4387304313151902,0.49706968061058376
4114.224713754687,374.1298451918292,132.80002129435303,165.45979746234465,0.440323418368349,0.8074401551640624,0.3741298451918292,0.13280002129435303,0.3309195949246893
4522.019979648069,92.26050967818867,64.75746064140209,139.44585434250624,0.615298025069802,0.8960912999234933,0.09226050967818866,0.06475746064140209,0.27889170868501245
1862.8159848705739,104.67466166835516,444.3740399344886,182.6626275598115,0.08346408498938329,0.3180034749718639,0.10467466166835515,0.4443740399344886,0.36532525511962305
906.2388528273132,185.236051395691,477.82574911487666,116.30140307092954,0.8824163684073387,0.11005192452767677,0.185236051395691,0.47782574911487663,0.23260280614185908
1448.5017476929318,242.26149259551067,431.0638086327253,15.035585650196303,0.8036035354415352,0.22793516254194168,0.24226149259551066,0.4310638086327253,0.030071171300392607
2364.695827680779,309.127385765148,404.75803736243904,140.57420396947745,0.5052067735766382,0.4271077886262563,0.30912738576514803,0.40475803736243904,0.2811484079389549
4162.867923243468,184.4568197848862,327.62099031951084,239.40632112634506,0.9671266152591704,0.818014765922493,0.1844568197848862,0.32762099031951086,0.4788126422526901
4359.36068297918,231.26735806657393,275.4286853045696,43.82573558941491,0.4177609792750997,0.8607305832563434,0.23126735806657395,0.27542868530456965,0.08765147117882982
431.97980044347725,373.7354690668783,43.493379955705066,172.50122270516644,0.9841103190364978,0.006952130531190705,0.37373546906687827,0.04349337995570507,0.34500244541033287
2749.4375918568026,18.34160144529895,204.22660653534936,50.23342216476412,0.6679199988036271,0.5107473025775657,0.01834160144529895,0.20422660653534935,0.10046684432952824
2320.0906144843834,126.21847217201038,186.344258506157,133.95692111827032,0.6346712732539415,0.417411003148779,0.12621847217201038,0.186344258506157,0.26791384223654063
1421.6959281653592,356.6747929422762,129.8768918801631,24.169112411679905,0.165954895295785,0.22210781047073025,0.3566747929422762,0.1298768918801631,0.04833822482335981
951.3806897349409,447.6034188435997,361.71005684429247,112.59273406454628,0.881927758304644,0.1198653673336828,0.44760341884359967,0.36171005684429247,0.22518546812909254
1953.0297884566885,255.83872105783306,247.9378675393854,189.04083222381152,0.42748968792061515,0.33761517140362796,0.25583872105783306,0.2479378675393854,0.37808166444762303
4737.3846379975885,266.0567426326578,40.52310795382397,86.89288105974552,0.16223340578247936,0.9429097039125193,0.2660567426326578,0.04052310795382397,0.17378576211949104
1886.733487295474,53.586005669888024,110.09160097490567,166.22793112180452,0.01260751997575904,0.32320293202075523,0.053586005669888026,0.11009160097490567,0.332455862243609
2786.436860019484,223.70618341172732,341.629381829798,198.8624901974323,0.5597556836383826,0.5187906217433661,0.22370618341172732,0.34162938182979796,0.3977249803948646
3633.8872109178183,266.30863322751156,38.06542974515009,231.79445486986316,0.5273996221226763,0.7030189588951778,0.2663086332275116,0.03806542974515009,0.46358890973972633
2072.6961709447523,121.23525181736483,425.60345702438434,58.660520463863385,0.7193536223691586,0.363629602379294,0.12123525181736483,0.42560345702438435,0.11732104092772677
4870.197580516419,134.6216154746905,247.57326350698716,99.82897895232703,0.8902580530178021,0.9717820827209607,0.13462161547469048,0.24757326350698716,0.19965795790465407
4827.257556733712,188.6420815523113,240.293288663324,38.10400333260436,0.07940658464302952,0.9624472949421112,0.1886420815523113,0.240293288663324,0.07620800666520872
1558.198560796675,10.035598888863184,296.2038923297588,248.1208755395938,0.7314964903403623,0.25178229582536416,0.010035598888863184,0.2962038923297588,0.4962417510791876
2687.343127104973,161.03958279158914,412.3404829625746,231.75024198107383,0.18741194409758222,0.49724850589238545,0.16103958279158914,0.4123404829625746,0.46350048396214766
1784.0402251571404,105.72400349827232,173.90460395109653,134.9892825701399,0.858177053157164,0.30087830981676966,0.10572400349827232,0.17390460395109653,0.2699785651402798
1710.266274136351,163.74867608895732,339.0080762795318,210.50832359410532,0.8190635138616561,0.2848404943774676,0.16374867608895732,0.3390080762795318,0.42101664718821064
569.6799578308509,59.881065909625605,282.8659819978955,130.23949431801054,0.5407937549855444,0.036886947354532795,0.0598810659096256,0.28286598199789553,0.2604789886360211
3203.9959363075254,445.2636403699475,133.51413508471066,155.89642200068994,0.7102427986233115,0.6095643339798968,0.4452636403699475,0.13351413508471066,0.31179284400137985
2712.323506852763,296.79622677702434,439.31499317757897,22.281108029004155,0.3143501131837484,0.5026790232288615,0.29679622677702433,0.439314993177579,0.04456221605800831
636.802255749951,339.5511595722448,398.71301080346404,188.81760512420198,0.47116789893281463,0.051478751249989345,0.3395511595722448,0.39871301080346405,0.37763521024840396
1681.7737354884125,394.58561930366915,329.22591732921273,31.928370908808706,0.8216368977104717,0.27864646423661144,0.39458561930366914,0.32922591732921275,0.06385674181761741
4578.023075446607,249.22109946452863,425.290864547121,206.5169075631321,0.4592651971732139,0.9082658859666538,0.24922109946452864,0.42529086454712095,0.4130338151262642
1501.984697068073,43.46014404371184,433.64710047990116,195.50702191759646,0.3577982653254418,0.2395618906669724,0.043460144043711846,0.4336471004799012,0.39101404383519295
1066.516411619626,268.55327090927386,354.18148835751737,177.1861744357441,0.4942124472502999,0.14489487209122306,0.2685532709092739,0.3541814883575174,0.3543723488714882
2651.48269727679,293.42055901043955,418.506664181836,9.04009513119053,0.8282492524372184,0.48945276027756307,0.29342055901043956,0.418506664181836,0.01808019026238106
4933.992088908763,372.719737092165,348.7357308346418,75.78208898633216,0.33520804737087273,0.9856504541106007,0.372719737092165,0.3487357308346418,0.1515641779726643
1513.454248952902,215.8297731148397,340.0703858801502,65.77814247771072,0.1737615931357438,0.2420552715115004,0.2158297731148397,0.3400703858801502,0.13155628495542143
3491.8235180670413,63.790151397781884,309.3056891075922,90.03410186787977,0.7120140203307808,0.6721355474058786,0.06379015139778188,0.30930568910759215,0.18006820373575955
3903.450230512101,141.88795289936223,376.3583197788206,21.910686690959636,0.8259782127080818,0.7616196153287176,0.14188795289936224,0.3763583197788206,0.04382137338191927
1493.1327023650385,181.54114819931755,79.30255264653685,234.23945575776568,0.10063747852353333,0.23763754399239967,0.18154114819931755,0.07930255264653685,0.46847891151553134
3749.795203614554,322.9586206658006,440.4353795994642,138.45056017809407,0.23987411275594472,0.7282163486118596,0.3229586206658006,0.4404353795994642,0.27690112035618814
2091.802410508565,285.38915233445596,435.921763872616,76.38107766450588,0.1419719897609939,0.3677831327192533,0.28538915233445594,0.435921763872616,0.15276215532901177
3308.6068207304656,178.0483629489231,14.623641517279573,99.24537926857086,0.3479414115821666,0.6323058305935795,0.17804836294892312,0.014623641517279573,0.1984907585371417
3314.2366695001156,493.25762439648986,412.9083752823813,111.80063512620892,0.45035097890541265,0.6335297107608947,0.49325762439648985,0.41290837528238133,0.22360127025241783
2864.563546743889,302.8874096784436,64.4349337367226,150.14858334015432,0.7488263369633065,0.5357746840747585,0.3028874096784436,0.0644349337367226,0.30029716668030865
815.3329422502782,118.61339586799724,167.55942712957093,128.91985692412445,0.6511475848816741,0.0902897700544083,0.11861339586799724,0.16755942712957095,0.2578397138482489
4242.391479710495,50.89123631020187,371.75412814580386,229.84799330360434,0.6209285674784312,0.8353024955892381,0.05089123631020187,0.3717541281458039,0.4596959866072087
1875.5882988699848,76.42956959216602,80.3799480241541,124.24087072645756,0.3523749466096544,0.32078006497173583,0.07642956959216601,0.0803799480241541,0.24848174145291513
1257.9851478393293,122.97886419225406,408.9835120595311,248.03950370582817,0.8414475530847599,0.1865185103998542,0.12297886419225407,0.4089835120595311,0.49607900741165634
587.565651151914,80.34068662977784,416.06708897887097,212.85623943627394,0.47128716739816456,0.04077514155476392,0.08034068662977784,0.41606708897887096,0.4257124788725479
3118.107538665912,93.28351202565288,253.7338668804181,52.12762858933395,0.9791049380151545,0.5908929431882418,0.09328351202565288,0.2537338668804181,0.1042552571786679
3516.796064474499,142.54758434692354,3.19293585841679,232.64880366097907,0.6341421382957368,0.6775643618422824,0.14254758434692355,0.00319293585841679,0.46529760732195813
476.3040130681383,86.68679764737742,143.5190665874564,29.091599471369022,0.12626474156450274,0.016587828927856155,0.08668679764737741,0.1435190665874564,0.058183198942738046
2755.6280681766925,448.3827123132126,308.4634591878711,204.3624271227979,0.676177562075434,0.512093058299281,0.4483827123132126,0.3084634591878711,0.4087248542455958
1441.8805659105146,40.1168728308211,490.59308901371173,95.15582336914503,0.325104015431699,0.22649577519793795,0.040116872830821104,0.49059308901371174,0.19031164673829004
3367.794835883469,262.25569478512733,315.90676350833417,219.4935801112674,0.6863271966860974,0.6451727904094499,0.26225569478512734,0.3159067635083342,0.43898716022253476
1202.0855734229606,205.19841349483076,129.9017905320799,217.01417252686258,0.06964114816240574,0.17436642900499144,0.20519841349483076,0.1299017905320799,0.4340283450537252
3578.3135952713433,491.1893084543032,317.00285154980565,201.4813500294053,0.1748814371759594,0.690937738102466,0.4911893084543032,0.3170028515498057,0.4029627000588106
2178.982592982472,56.01945108402617,269.99268985792776,197.50760907676533,0.8557372589057863,0.38673534630053735,0.05601945108402617,0.26999268985792774,0.3950152181535307
4708.957948188979,198.92779952287083,389.9226975755718,76.16978477451019,0.2271795570235149,0.9367299887367345,0.19892779952287082,0.3899226975755718,0.1523395695490204
1032.596343071569,484.7352166376844,53.490319413479206,20.229820762813045,0.83704112524294,0.13752094414599325,0.48473521663768443,0.053490319413479204,0.04045964152562609
1968.9052148311891,432.75356294699014,380.513951251014,100.74504469129036,0.27927608845441043,0.3410663510502585,0.43275356294699013,0.380513951251014,0.20149008938258073
921.9781977067097,408.53603547463996,270.63328933805514,43.38112874662717,0.6428819100587077,0.11347352124058907,0.40853603547463996,0.27063328933805514,0.08676225749325434
4653.590644081389,128.95141352246992,481.4960019294973,173.73777222561543,0.694150573509831,0.9246936182785628,0.12895141352246992,0.4814960019294973,0.34747554445123086
4435.761025552512,85.44379369503291,170.93608301934304,86.52493163444639,0.5126547531450529,0.8773393533809809,0.08544379369503291,0.17093608301934304,0.17304986326889277
1586.5314874897158,334.3216099622155,316.31094656697405,243.90255021497873,0.3053106766967313,0.2579416277151556,0.3343216099622155,0.31631094656697406,0.48780510042995745
3435.926611757224,464.68799456379287,466.0140527550087,160.243019336333,0.21264437637109612,0.659984046034179,0.4646879945637929,0.46601405275500873,0.320486038672666
4159.222120925593,278.3814465069649,51.254863995339626,205.62014090859023,0.03318935456242622,0.8172222002012159,0.2783814465069649,0.05125486399533963,0.4112402818171805
2953.9237333575265,285.8063447349499,468.61424361822554,33.13116818546211,0.3039464012407238,0.5552008115994623,0.2858063447349499,0.46861424361822557,0.06626233637092421
2836.3926604376297,139.98954683014207,343.94286115040666,215.50362056815564,0.653162790531283,0.5296505783560065,0.1399895468301421,0.3439428611504067,0.4310072411363113
1512.5205381420778,384.74646659596846,33.91852955258595,230.68929762834858,0.9383048184484827,0.2418522909004517,0.38474646659596845,0.03391852955258595,0.46137859525669717
828.2727319071364,93.52187427876169,150.48178347340811,121.76547970473398,0.871204482263052,0.09310276780589921,0.09352187427876169,0.15048178347340813,0.24353095940946795
4527.192486585303,161.83961820212184,354.0860443226408,151.56323443774437,0.7660647765353026,0.8972157579533269,0.16183961820212184,0.3540860443226408,0.3031264688754887
4541.92306295132,212.71821930820838,33.67530073438585,191.20245022574886,0.7884473432532987,0.9004180571633306,0.2127182193082084,0.03367530073438585,0.3824049004514977
3312.2667034570327,253.80518934222752,291.08523008813665,43.70965681510314,0.6649849034759953,0.6331014572732679,0.2538051893422275,0.29108523008813664,0.08741931363020627
1959.537038824023,121.20486620754012,172.94152847647837,125.6415191158606,0.260286857566003,0.3390297910487007,0.12120486620754012,0.17294152847647837,0.2512830382317212
2006.36404321824,57.41841236960177,310.45775888373856,99.66575694307828,0.9071950307058299,0.3492095746126609,0.05741841236960177,0.31045775888373855,0.19933151388615655
3739.396122803101,305.3100212208163,22.871016906256425,36.59349804056228,0.670732311905834,0.7259556788702394,0.3053100212208163,0.022871016906256425,0.07318699608112456
4526.707195781854,144.3152766201279,435.7684030761881,91.88360557288286,0.56044063098044,0.897110259952577,0.14431527662012789,0.43576840307618814,0.18376721114576572
4480.597551619539,290.6191107113061,486.74448458869847,17.04307734637339,0.11098946921348107,0.8870864242651173,0.29061911071130614,0.48674448458869846,0.034086154692746784
3987.4275109450696,77.18135763710116,484.4389276428457,6.452976737371746,0.4470555438064254,0.7798755458576239,0.07718135763710116,0.48443892764284574,0.012905953474743492
3353.3455723097236,240.57005092740874,374.82591587146237,33.79157228870569,0.4603582712019263,0.6420316461542878,0.24057005092740874,0.37482591587146236,0.06758314457741138
787.0438389772246,266.29471627579295,65.04312006531599,240.77877789729345,0.86456360952267,0.08413996499504882,0.26629471627579293,0.06504312006531598,0.4815575557945869
1143.4920848352233,25.911768411213455,379.1315979645113,137.38238397375423,0.5466482201877885,0.16162871409461377,0.025911768411213454,0.3791315979645113,0.2747647679475085
4533.349267224565,168.3021390969603,12.293458229400755,241.45554028830497,0.38040054897040965,0.8985541885270792,0.1683021390969603,0.012293458229400755,0.48291108057661
3189.573674434114,67.20733846948713,11.061775764498627,108.124469582533,0.9768003285106593,0.6064290596595899,0.06720733846948712,0.011061775764498627,0.216248939165066
442.30643743649637,31.68748523638387,161.80510957477063,77.9540332713149,0.11072059332631567,0.009197051616629644,0.03168748523638387,0.16180510957477062,0.1559080665426298
866.7690971837477,494.9801161949726,244.32159520233287,126.53546571006102,0.4225484283119446,0.1014715428660321,0.4949801161949726,0.24432159520233288,0.25307093142012205
3452.1081378970566,161.17692248736148,385.2037089038966,109.87792215822753,0.04202467517140529,0.6635017691080558,0.16117692248736148,0.3852037089038966,0.21975584431645506
423.28328569260594,404.9372229273174,341.6476883032526,26.41617106543598,0.7399041207669304,0.005061583846218683,0.40493722292731743,0.3416476883032526,0.052832342130871957
1139.7170365204938,127.32032738188192,222.95135318837416,160.20657867255156,0.9180765521991506,0.16080805141749865,0.12732032738188193,0.22295135318837417,0.3204131573451031
2924.175431086296,340.7513611119646,136.81333314083292,54.0095456273999,0.28003732955048943,0.5487337893665861,0.34075136111196463,0.13681333314083294,0.1080190912547998
3582.717909386389,380.1139299448433,498.5622500788556,154.8969887244574,0.8583416767991209,0.6918951976926933,0.3801139299448433,0.4985622500788556,0.3097939774489148
3399.0217937119623,297.81937030392214,213.09065111798648,162.55027309953834,0.29221823046189777,0.6519612595026005,0.29781937030392214,0.21309065111798647,0.3251005461990767
1431.638823518575,235.78809427507917,225.69351216483773,38.00621328216203,0.9107701616439152,0.22426930946055978,0.23578809427507919,0.22569351216483774,0.07601242656432405
3676.024418198665,205.92045707363425,81.81191059583459,15.33740677766704,0.7539619035967839,0.7121792213475359,0.20592045707363427,0.08181191059583459,0.03067481355533408
1491.3458024852803,174.43413327149764,397.4047743749647,195.19039651710995,0.8049067768414386,0.23724908749680007,0.17443413327149765,0.3974047743749647,0.3903807930342199
1896.8386115326316,464.7645721239129,346.84111289074434,114.95010594233004,0.0180065556004545,0.3253996981592677,0.4647645721239129,0.3468411128907443,0.2299002118846601
3833.860463542911,415.3097038938646,110.38480639438019,14.540948876368947,0.962810357074026,0.7464914051180241,0.41530970389386457,0.1103848063943802,0.029081897752737895
3388.3113356171875,482.5134553332563,41.19052280792135,248.7165792924418,0.7266709920703233,0.6496328990472147,0.4825134553332563,0.04119052280792135,0.4974331585848836
4306.427688273218,62.14861174277237,340.24965103735656,14.44514024909166,0.3047510953861333,0.8492234104941779,0.062148611742772364,0.34024965103735655,0.02889028049818332
3425.0193045815795,365.43373760182214,327.25560714056763,173.7588072146383,0.8293946648588469,0.6576128923003434,0.36543373760182213,0.3272556071405676,0.3475176144292766
3014.2195753431693,469.1702284105189,136.62976349910466,245.9197313158534,0.28152119841492995,0.5683086033354716,0.4691702284105189,0.13662976349910466,0.4918394626317068
830.9039320092254,90.61653308283007,475.4317811252052,59.7950260539814,0.872753839566128,0.09367476782809248,0.09061653308283008,0.4754317811252052,0.11959005210796281
2091.492694073394,33.248133683388744,75.52894589045012,35.562342171799045,0.11258039041193701,0.36771580305943347,0.03324813368338874,0.07552894589045012,0.07112468434359809
1619.930891335937,370.56032464502954,216.16740052130095,30.346234855607225,0.7036859774607958,0.26520236768172545,0.3705603246450295,0.21616740052130096,0.06069246971121445
1522.3523595437844,287.23655658995597,471.80796008379946,75.81878689189888,0.5406984766449103,0.24398964337908355,0.28723655658995595,0.47180796008379944,0.15163757378379777
4875.84855186125,420.914388379136,209.86365846306114,25.261452752661672,0.09653447019544081,0.9730105547524456,0.42091438837913603,0.20986365846306115,0.050522905505323346
2208.2495334670975,69.88618831314474,319.26297383204275,173.04033542353298,0.24189382825883898,0.39309772466676035,0.06988618831314475,0.3192629738320428,0.34608067084706595
4503.414153814721,397.6336559299451,198.79719898139714,15.572949532515674,0.01240403627731479,0.8920465551771134,0.3976336559299451,0.19879719898139714,0.031145899065031346
3303.2376795874093,100.81366002387226,137.107601174335,127.35553203744743,0.46876796546450583,0.6311386259972629,0.10081366002387226,0.13710760117433501,0.25471106407489486
4056.1319962915827,81.82797143285225,491.9888239799141,249.1742134632442,0.3012652607600004,0.7948113035416484,0.08182797143285225,0.4919888239799141,0.4983484269264884
2712.1306282838837,82.13289896549647,204.66700315752152,203.4925673765047,0.5983574842977588,0.5026370931051921,0.08213289896549647,0.2046670031575215,0.4069851347530094
3053.7578692812517,407.28736011569106,447.04960183956723,153.80485955775274,0.2972378077086172,0.5769038846263591,0.40728736011569106,0.4470496018395672,0.3076097191155055
2665.581391566774,332.59861034810007,114.97730294554309,76.56340519665292,0.2999191115069847,0.49251769381886396,0.33259861034810007,0.11497730294554309,0.15312681039330583
1298.1177438710047,261.53271238455966,106.55235201254165,155.97395907290962,0.7431931987316034,0.1952429877980445,0.26153271238455966,0.10655235201254165,0.31194791814581924
3723.2797302029244,179.41524206175126,15.56704144225568,131.7603659779129,0.04814283597835345,0.7224521152615053,0.17941524206175125,0.01556704144225568,0.2635207319558258
1691.5528672279368,438.60027040655416,325.83341268794254,106.52084597259287,0.9028949951919872,0.2807723624408558,0.43860027040655414,0.3258334126879425,0.21304169194518574
511.8534455846877,196.2225537113177,184.26317186188058,32.67759418504987,0.8522638743911815,0.024315966431453843,0.1962225537113177,0.18426317186188057,0.06535518837009974
3369.172561172972,408.2997197357885,432.17912491981855,221.65105381011668,0.6678046832264065,0.6454722959071678,0.40829971973578855,0.4321791249198185,0.44330210762023337
1214.7091252724251,219.56745428510922,236.60495334577857,112.44616220533062,0.5932215701073843,0.17711067940704894,0.2195674542851092,0.23660495334577858,0.22489232441066126
4726.109488023406,188.4722147124538,484.09671395736086,48.655627955191264,0.8923024981396522,0.9404585843529143,0.1884722147124538,0.48409671395736087,0.09731125591038253
4788.071454211902,231.3398928348032,92.76275785156058,91.9398377193224,0.18533017952871444,0.9539285770025874,0.23133989283480322,0.09276275785156057,0.1838796754386448
4608.376195014063,150.68893708207105,434.3115839778054,103.53243813223176,0.07896916219082861,0.9148643902204485,0.15068893708207104,0.4343115839778054,0.20706487626446352
2102.7300211750444,373.80469008812554,388.2984263958709,206.88447389171859,0.2395101699095381,0.37015870025544445,0.37380469008812556,0.38829842639587087,0.41376894778343715
471.1004360327902,251.36019504623957,385.460922322026,183.40359514035052,0.7945782787001903,0.015456616528867432,0.2513601950462396,0.385460922322026,0.366807190280701
4670.265387903537,116.10634757340866,422.39161405844385,192.32622341033496,0.03467026672648332,0.9283185625877254,0.11610634757340865,0.42239161405844383,0.3846524468206699
2369.6470822596457,449.78728663728424,380.51199547149946,2.7578161071618035,0.5828068350834896,0.4281841483173143,0.44978728663728423,0.38051199547149944,0.005515632214323607
4846.61216760088,191.9456106866057,313.1101608157077,104.03849954494038,0.9954375161913099,0.9666548190436695,0.1919456106866057,0.3131101608157077,0.20807699908988075
4832.651894610563,271.7764305569943,65.62243884119378,120.3360379088309,0.8556960938375394,0.963619977089253,0.2717764305569943,0.06562243884119379,0.2406720758176618
4323.843495149857,453.23605548227346,16.263089745625958,4.798069205764172,0.5214456890435895,0.8530094554673602,0.45323605548227347,0.016263089745625958,0.009596138411528343
1754.4649035200941,312.11899795699605,460.4239239078434,64.95330218625855,0.06364090928664234,0.2944488920695857,0.31211899795699605,0.4604239239078434,0.1299066043725171
2171.449551568856,58.44902035418203,308.325157260369,190.07245578053374,0.8313735143857098,0.3850977286019252,0.058449020354182035,0.308325157260369,0.3801449115610675
4315.228688977542,469.91606180673756,398.26864548808817,34.27742643224976,0.5989785081772105,0.851136671516857,0.46991606180673756,0.39826864548808816,0.06855485286449953
1857.8412237188772,313.85402653570895,240.76117575627504,133.82753286314792,0.11493299705956683,0.31692200515627766,0.31385402653570893,0.24076117575627504,0.2676550657262958
1179.6666347560254,167.45280732854306,58.65409448119724,53.80046800430938,0.0938572848233562,0.16949274668609246,0.16745280732854306,0.05865409448119724,0.10760093600861877
2961.2858073084108,69.63603633169363,62.59289610127522,3.0301936609733184,0.9096268194365924,0.5568012624583502,0.06963603633169363,0.06259289610127522,0.006060387321946637
4706.311961139592,397.012594635148,342.78264361448566,60.30036439988537,0.6692002629380784,0.936154774160781,0.397012594635148,0.3427826436144857,0.12060072879977074
3601.7370647048756,310.03637796425676,215.15294744973136,243.96843872751344,0.8292867993167555,0.696029796674973,0.31003637796425676,0.21515294744973135,0.4879368774550269
3022.281382411079,266.73054598816077,100.26236335016836,200.3842779707474,0.8789789002822673,0.570061170089365,0.26673054598816076,0.10026236335016836,0.4007685559414948
847.0118713455353,446.94629152547884,245.79727337071844,239.89416108025836,0.5717723520483222,0.09717649377076854,0.4469462915254788,0.24579727337071844,0.4797883221605167
3229.033242816181,394.29860561226536,32.104468537567044,121.96351098159062,0.5174463517550413,0.6150072266991697,0.3942986056122654,0.032104468537567044,0.24392702196318122
4954.247710479611,75.83743986637559,290.9857009571994,27.434049669375877,0.4304274103209902,0.9900538501042632,0.07583743986637559,0.2909857009571994,0.05486809933875175
1044.3864700880106,155.86103389777412,134.49670221754883,136.98987224342324,0.3169465877911193,0.14008401523652403,0.15586103389777411,0.13449670221754884,0.2739797444868465
2784.316400873189,124.24456990723287,398.7795503185941,113.59433363999023,0.43459596085871177,0.5183296523637367,0.12424456990723287,0.3987795503185941,0.22718866727998044
4435.916130868595,371.9731462863385,155.18097946178688,211.089270684904,0.7738796557301564,0.8773730719279554,0.3719731462863385,0.15518097946178688,0.422178541369808
3807.5356416693403,16.76621736788969,227.6100745409006,24.520645196061146,0.6019234310151316,0.7407686177542044,0.01676621736788969,0.2276100745409006,0.049041290392122294
3606.272408578233,284.94484243565824,5.810269954050318,122.06028425544454,0.8925232899548461,0.697015740995268,0.28494484243565826,0.005810269954050318,0.2441205685108891
3631.4267863407026,381.22934287034525,36.22344389727944,37.51216617349606,0.4433800143791877,0.7024840839871093,0.38122934287034527,0.03622344389727944,0.07502433234699213
2053.659295610874,438.3828183808747,196.24677820334242,81.168981722515,0.607089578718754,0.35949115121975517,0.43838281838087473,0.1962467782033424,0.16233796344503
1750.5224836166694,171.04087435795373,239.96941735856174,184.33926934694992,0.6313075530919887,0.29359184426449336,0.17104087435795373,0.23996941735856175,0.3686785386938998
4123.061315201163,410.62865233600644,300.01027405965186,119.00453234219164,0.5916971623063255,0.8093611554785136,0.41062865233600643,0.30001027405965186,0.23800906468438326
4126.5216155242315,55.315868477603615,145.83128935465163,93.97207128644233,0.7026337730855163,0.8101133946791808,0.055315868477603614,0.14583128935465164,0.18794414257288466
4388.532665468477,423.2261458672591,347.4909430632713,98.61906964250883,0.23743346837480628,0.8670723185801037,0.4232261458672591,0.3474909430632713,0.19723813928501766
4600.906541759768,63.744331165991206,430.0611985946023,114.86169210149666,0.5123637775457907,0.9132405525564712,0.06374433116599121,0.4300611985946023,0.22972338420299332
2752.175034760314,198.64364528018365,389.9254944466749,196.25413595926423,0.10422480280834767,0.5113423988609378,0.19864364528018366,0.3899254944466749,0.39250827191852844
2706.9749555611183,398.64768288977683,19.809412674178574,223.0211722350586,0.38451132764481255,0.5015162946871996,0.3986476828897768,0.019809412674178576,0.4460423444701172
4072.1578232471657,74.95871367438689,240.25347362891446,238.83367162598208,0.4876670686212644,0.7982951789667752,0.07495871367438689,0.24025347362891447,0.47766734325196414
3389.8340815777196,114.62569761632075,52.46508920908744,196.72584656382378,0.6522242595454725,0.6499639307777652,0.11462569761632074,0.05246508920908744,0.39345169312764755
3629.0476353854356,361.12628419653316,121.02250793126373,78.85172393700319,0.9505310525862035,0.7019668772577033,0.36112628419653314,0.12102250793126373,0.15770344787400636
4060.646279406065,360.01826827303717,493.33129663357323,172.03367652163553,0.6006510665483559,0.795792669436101,0.3600182682730372,0.4933312966335732,0.3440673530432711
4494.024572360805,320.57381644264865,71.24777145075662,109.40078101384798,0.7435939161765598,0.8900053418175663,0.32057381644264865,0.07124777145075661,0.21880156202769596
1954.7777215170647,346.97422223355,249.44407672567803,63.66765551151279,0.5062660594952028,0.3379951568515358,0.34697422223355,0.24944407672567803,0.1273353110230256
2127.681582143742,271.3622216737981,309.07786715905956,210.21789485648065,0.6341040313763313,0.37558295263994396,0.2713622216737981,0.30907786715905955,0.4204357897129613
832.3169232679975,125.89952945347638,351.232485272052,9.606587240581248,0.07093221613377343,0.09398193984086901,0.12589952945347638,0.351232485272052,0.019213174481162498
3060.0886485824003,172.84799675195973,279.82434174345707,225.44049803385587,0.254391580841847,0.578280140996174,0.17284799675195972,0.27982434174345705,0.45088099606771176
565.3344594650137,90.79885840071283,4.88542370959183,115.36936615618355,0.3618530932051387,0.0359422737967421,0.09079885840071283,0.0048854237095918305,0.23073873231236708
2541.750883409317,454.2252806668142,163.23065412199594,159.3003692020701,0.47249335500651357,0.4655980181324602,0.45422528066681417,0.16323065412199594,0.3186007384041402
2896.1653196548523,291.69589738306024,258.85582169235573,164.83848055144568,0.045648745502383736,0.5426446347075766,0.29169589738306023,0.2588558216923557,0.32967696110289135
1718.0897597901082,200.42570838181996,43.93324957241668,223.77943517663408,0.14002409755331768,0.2865412521282844,0.20042570838181997,0.04393324957241668,0.44755887035326813
3117.8329986174494,231.00290182206635,175.3134656045904,159.16742054180182,0.2768143077913058,0.5908332605690108,0.23100290182206634,0.17531346560459038,0.31833484108360366
540.3011497196273,473.64166980590767,16.601554395683284,153.48339619001544,0.9715326909010507,0.03050024993904942,0.47364166980590766,0.016601554395683282,0.3069667923800309
571.8016682463863,76.6757015580401,39.28924857751037,16.663010140172492,0.33134700710305076,0.0373481887492144,0.0766757015580401,0.03928924857751037,0.03332602028034498
4183.962579034428,293.1149160083986,198.46163810079804,129.602005486301,0.48204105811208253,0.8226005606596583,0.2931149160083986,0.19846163810079803,0.25920401097260204
2056.876950491809,252.944339442233,66.35787702153017,37.54225020426041,0.19609771273839294,0.36019064141126284,0.252944339442233,0.06635787702153018,0.07508450040852083
984.47835819867,305.7271177173239,283.7704241307791,184.35844218037138,0.6107800710757683,0.12706051265188478,0.3057271177173239,0.2837704241307791,0.3687168843607428
2802.3189962521,9.055091910420254,344.73248456863286,128.05548020316863,0.2806832155159743,0.5222432600548044,0.009055091910420254,0.34473248456863287,0.25611096040633724
3941.9703442536097,436.06195447207574,400.2933495545414,170.05694480208834,0.20699257843842678,0.7699935530986108,0.43606195447207574,0.40029334955454143,0.34011388960417666
1392.7767264854788,466.0591412418062,100.07512212240505,10.418225150596067,0.5165726284459791,0.2158210274968432,0.4660591412418062,0.10007512212240505,0.020836450301192133
3265.296188767401,282.56659179460445,83.74129112953487,21.198004011450806,0.005505799160420821,0.6228904758190003,0.28256659179460447,0.08374129112953488,0.04239600802290161
792.5983389713329,348.3254119384461,52.28392016720013,179.08084701567057,0.0076640326492253275,0.08534746499376801,0.34832541193844613,0.052283920167200126,0.3581616940313411
637.7359173755954,461.24969058864787,318.21512477181835,18.021083999668342,0.21906880910185778,0.05168172116860769,0.46124969058864784,0.31821512477181835,0.03604216799933668
2844.231305213481,353.6193171566993,353.2378632434506,17.81418194131465,0.03672136250082114,0.531354631568148,0.3536193171566993,0.3532378632434506,0.0356283638826293
2886.92155940649,76.26952145713068,15.793072412821019,3.0271188087218626,0.10802575413069138,0.5406351216101065,0.07626952145713067,0.01579307241282102,0.006054237617443725
3332.1775468917504,288.1441800834066,468.1061231218449,239.12534957487003,0.3388606493387516,0.6374299014982066,0.2881441800834066,0.4681061231218449,0.47825069914974006
3740.020135124243,303.35752319142796,25.985641825736206,184.37708986475172,0.8025856795798129,0.7260913337226615,0.30335752319142795,0.025985641825736205,0.3687541797295035
4888.919565527659,212.065335651193,270.64816765053524,88.31285212551605,0.5720486433693008,0.9758520794625346,0.212065335651193,0.27064816765053523,0.17662570425103208
2774.9816021854986,368.22211781236143,354.5302597254582,74.13389532191381,0.5126677259564164,0.5163003483011953,0.3682221178123614,0.3545302597254582,0.1482677906438276
1885.5997755297315,467.18350738450744,435.4845618730428,87.42580743646239,0.29348882320812164,0.32295647294124596,0.4671835073845074,0.4354845618730428,0.17485161487292478
4057.856495936037,462.78425645338814,357.0434660662139,193.66338279529546,0.9317537194328164,0.7951861947687037,0.46278425645338817,0.3570434660662139,0.3873267655905909
1645.8283558055414,225.41968570206606,400.86404153489593,165.3426527676036,0.39701504123719167,0.2708322512620742,0.22541968570206605,0.4008640415348959,0.3306853055352072
2419.268535245926,56.619022920377624,169.72509627140303,46.29889196686698,0.08709276679577149,0.4389714207056361,0.056619022920377626,0.16972509627140303,0.09259778393373397
760.8993541744235,492.4205994811673,407.4125568732561,43.527333833521084,0.6170665161178013,0.07845638134226597,0.4924205994811673,0.4074125568732561,0.08705466766704217
516.6134197111046,419.4490432229671,40.05742319233757,24.59891242834933,0.11383839347660141,0.02535074341545752,0.41944904322296706,0.04005742319233757,0.04919782485669866
4828.182707518456,62.33134060163342,447.4083280302638,165.07567992533453,0.3452231428016921,0.9626484146779252,0.06233134060163342,0.4474083280302638,0.33015135985066907
4245.508554356147,460.42094130868617,273.79618807686813,191.09316555543398,0.5074119387178089,0.8359801205122059,0.46042094130868616,0.2737961880768681,0.38218633111086797
3601.481348031011,434.94818103106417,408.64888498124685,66.261607081251,0.8742225246851758,0.695974206093698,0.43494818103106414,0.40864888498124685,0.132523214162502
2281.1835443056416,259.4190285630361,226.15914225915006,5.236240257728203,0.49354658034011867,0.40895294441426994,0.25941902856303606,0.22615914225915007,0.010472480515456406
1197.1538723258905,295.63771787246463,321.78884759826246,20.542916869106836,0.7022587660316643,0.17329432007084575,0.2956377178724646,0.3217888475982625,0.04108583373821367
1119.6103962869959,199.50135193506512,263.2013304680566,241.9650087112576,0.9928168389990704,0.15643704267108605,0.19950135193506513,0.2632013304680566,0.48393001742251524
1551.1173315571384,27.380819411015665,365.7947608776659,73.86119436935506,0.13148911989798162,0.25024289816459533,0.027380819411015663,0.3657947608776659,0.14772238873871013
2926.442657648154,167.59862082295047,40.81499101529479,192.3057869595334,0.2747315255195195,0.5492266647061205,0.16759862082295046,0.04081499101529479,0.3846115739190668
3687.141244420287,401.42672429900574,30.1760419952819,156.16589221356594,0.3945760755976464,0.7145959227000623,0.4014267242990057,0.0301760419952819,0.3123317844271319
3436.907932901564,2.3160115023014294,123.55161700507323,95.48490991322397,0.42182817853883137,0.6601973767177313,0.0023160115023014294,0.12355161700507322,0.19096981982644795
1687.6959259513371,166.74958584557208,79.77234005659417,51.42181554888878,0.41102107526554577,0.27993389694594284,0.1667495858455721,0.07977234005659417,0.10284363109777755
4792.380291050693,199.08434679547165,435.89178329610087,30.346604539851608,0.9076110025565549,0.9548652806631941,0.19908434679547166,0.43589178329610084,0.060693209079703214
3794.325816800535,268.6978014689614,109.60699367902215,153.75324200971664,0.7140326444668564,0.7378969166957685,0.26869780146896144,0.10960699367902216,0.3075064840194333
2950.0286415524433,459.92780820638023,487.93262790956567,193.65844515944698,0.6079052140907037,0.5543540525114007,0.45992780820638024,0.48793262790956565,0.387316890318894
3213.9154326780204,173.17299718298062,168.44789588555344,160.97606338528266,0.3093727178627821,0.6117207462343522,0.17317299718298063,0.16844789588555342,0.32195212677056534
2330.1602871678333,173.47660094811386,91.05895784434964,132.57553331228956,0.8237903842212947,0.41960006242778985,0.17347660094811385,0.09105895784434964,0.26515106662457916
1539.5625517053243,368.7506240548742,394.84925357123956,10.487805857909066,0.9550605114849889,0.24773098950115746,0.3687506240548742,0.39484925357123957,0.020975611715818132
2037.4743217958032,226.10897044490358,329.35388775043805,242.12219439859595,0.8211982825502265,0.3559726786512616,0.22610897044490358,0.32935388775043806,0.4842443887971919
3886.092108136098,112.30241146999099,249.09785822656949,199.67854791364365,0.0015651051914729042,0.7578461104643691,0.11230241146999098,0.2490978582265695,0.3993570958272873
466.210047696877,226.21975806634669,277.6817754688156,73.20550917524119,0.636401370183407,0.014393488629755867,0.2262197580663467,0.2776817754688156,0.14641101835048237
933.9341463318146,70.42851018989992,359.6008891361319,244.99258233971267,0.051135381442100725,0.11607264050691622,0.07042851018989993,0.3596008891361319,0.4899851646794253
611.6121533000626,88.19349325311165,114.22737066564936,150.47039740908053,0.25760722033372185,0.046002642021752735,0.08819349325311165,0.11422737066564936,0.30094079481816105
587.3524906672626,249.18388636973987,498.16695802837097,145.60566455181163,0.059524700347771686,0.04072880231897013,0.24918388636973987,0.49816695802837097,0.29121132910362324
4335.118686450633,209.46272475227394,487.3965810733916,187.01829485738304,0.6037954529493877,0.8554605840110071,0.20946272475227395,0.48739658107339157,0.37403658971476605
3636.826153148109,457.42295053405,325.16284317346845,202.9424470225344,0.6865899134926068,0.7036578593800237,0.45742295053405,0.32516284317346844,0.4058848940450688
2581.1996138016957,181.19694955831656,99.77122546457257,164.11965183287566,0.11448763806590512,0.47417382908732514,0.18119694955831656,0.09977122546457257,0.3282393036657513
850.0371389946067,290.2941751390217,340.11412121564564,32.023936591550004,0.3838388830449795,0.09783416065100146,0.2902941751390217,0.34011412121564566,0.06404787318310001
2661.433025537429,316.1321439597652,36.09920448958792,84.5668764986246,0.456236508955542,0.49161587511683236,0.3161321439597652,0.03609920448958792,0.1691337529972492
2577.970145590602,6.547228294166818,15.326251102903033,232.02091008151243,0.3690530217609166,0.4734717707805656,0.006547228294166817,0.015326251102903032,0.46404182016302487
1196.72860158607,331.7686860083553,128.84144425560683,56.15390296096298,0.12102500048519305,0.1732018699100152,0.3317686860083553,0.12884144425560684,0.11230780592192596
2395.7175864946757,89.01798343487572,231.31147836965815,93.04175595937834,0.4189477901874754,0.433851649237973,0.08901798343487571,0.23131147836965815,0.18608351191875666
2233.1217782279177,480.5351587347276,434.13625270419027,108.019220736049,0.7511780478084181,0.39850473439737344,0.4805351587347276,0.43413625270419026,0.216038441472098
3232.9104510401958,74.33136387655648,363.584534883154,109.85124742361305,0.07100766453325547,0.6158500980522165,0.07433136387655648,0.363584534883154,0.2197024948472261
3321.4307939911614,207.31206186351187,371.3532605999905,153.2348956236314,0.08018001408190345,0.6350936508676438,0.20731206186351187,0.3713532605999905,0.30646979124726276
608.3984449514048,42.67483403932193,212.74666722403768,235.7689594361769,0.3547712918359842,0.045304009772044525,0.04267483403932193,0.21274666722403768,0.4715379188723538
2123.2180272817677,498.4371259229737,172.96749627348146,60.17317795812624,0.941725711618925,0.3746126146264712,0.4984371259229737,0.17296749627348146,0.12034635591625248
3278.9556122854874,251.0975051656213,185.51938149230136,30.375344075229517,0.668572646722914,0.6258599157142364,0.2510975051656213,0.18551938149230135,0.06075068815045903
2714.4267894684035,297.6925086600219,493.82478186802894,49.36762246498433,0.6786699566725648,0.5031362585800877,0.2976925086600219,0.4938247818680289,0.09873524492996866
4339.853269466283,33.53823869421374,20.05459570624124,221.73122505231737,0.36191999083786497,0.8564898411883223,0.03353823869421374,0.02005459570624124,0.44346245010463475
3429.990705447147,374.9802351995889,433.51574806122426,161.45270316380152,0.5936607912085384,0.658693631618945,0.3749802351995889,0.4335157480612243,0.322905406327603
1149.4983645745765,104.95279654779289,289.3377042861967,71.47669730979003,0.010131184027743378,0.16293442708142966,0.10495279654779288,0.2893377042861967,0.14295339461958007
724.6162380419773,449.0271447203569,219.30770959479523,203.9867347421543,0.6360960464095422,0.07056874740042986,0.4490271447203569,0.21930770959479523,0.4079734694843086
3355.128679749052,102.56982024100358,362.6288302075682,215.342499090859,0.9132869475762367,0.6424192782063156,0.10256982024100358,0.36262883020756825,0.430684998181718
521.9520284914604,95.34386033183328,243.33447071235142,211.6285846725695,0.6125734683448192,0.026511310541621827,0.09534386033183329,0.24333447071235143,0.423257169345139
3094.5676738579314,18.27483392404744,436.71161904083027,229.73163340988862,0.873698593466345,0.5857755812734633,0.01827483392404744,0.4367116190408303,0.4594632668197772
4725.059110554805,236.03347255499963,450.35093200562926,63.0602550433404,0.7239730554660938,0.9402302414249575,0.23603347255499962,0.45035093200562926,0.1261205100866808
3047.181218229043,282.4205666313082,210.8604634367277,188.76048218656956,0.12055841640369025,0.575474177875879,0.2824205666313082,0.2108604634367277,0.37752096437313915
2185.581660550001,32.854319714176185,138.41389861752577,115.134874318535,0.9024533072858417,0.3881699262065219,0.03285431971417618,0.1384138986175258,0.23026974863707
3359.1258048348245,387.7638083475053,296.1751642966811,210.4996382225154,0.06644384435577488,0.6432882184423532,0.3877638083475053,0.2961751642966811,0.42099927644503077
2507.9632962609767,226.6444173740138,456.18167280834547,182.1226692904033,0.5339674725477638,0.4582528904915167,0.2266444173740138,0.4561816728083455,0.3642453385808066
2909.8372308533008,262.19513466379004,105.3310945028333,194.11186162493115,0.14213712379345766,0.5456167893159349,0.26219513466379,0.10533109450283329,0.3882237232498623
4730.738120372016,220.38137346911407,311.4832917817414,164.04045942026787,0.011706610730904066,0.9414648087765253,0.22038137346911407,0.3114832917817414,0.32808091884053575
2176.0721338835615,200.381530437663,315.7801100462603,44.35719236742672,0.422034260127639,0.38610263780077425,0.200381530437663,0.3157801100462603,0.08871438473485344
4821.476593590005,279.82016565410896,366.5565112076405,136.2567297242346,0.29504070765415624,0.9611905638239141,0.27982016565410894,0.3665565112076405,0.27251345944846916
4564.612952997893,77.62012296535626,65.7838425636299,246.16743488112706,0.486000493797603,0.9053506419560637,0.07762012296535625,0.0657838425636299,0.49233486976225416
1300.6392200307637,90.96406524763556,357.91248234104427,234.34701662427972,0.5771998867345508,0.19579113478929644,0.09096406524763556,0.3579124823410443,0.46869403324855946
719.0619840257611,430.8928105067587,454.5162603328205,10.793433949252918,0.04373907230894736,0.06936130087516547,0.4308928105067587,0.4545162603328205,0.02158686789850584
863.5788063361626,473.05773106681636,89.84155443512098,41.20370393235928,0.12300329512374564,0.10077800137742667,0.47305773106681637,0.08984155443512098,0.08240740786471856
483.82039799712874,186.65465813987646,118.77166246193882,32.93219336364048,0.5586423964504253,0.018221825651549724,0.18665465813987647,0.11877166246193882,0.06586438672728095
834.4376194772706,135.37233657177688,485.6975470208198,181.49497749632388,0.34316735317265823,0.09444296075592838,0.13537233657177689,0.4856975470208198,0.36298995499264775
3541.8311577152417,321.9997716195079,90.48847635474489,204.44633246423626,0.729173487549448,0.6830067734163568,0.3219997716195079,0.09048847635474488,0.40889266492847254
727.4677829170533,204.3670855490482,427.1925466847896,53.37784157766798,0.6522916485919397,0.07118864846022899,0.2043670855490482,0.42719254668478956,0.10675568315533596
1867.287899351302,12.69317783017243,246.1389282240174,126.46317323795725,0.8456043629899068,0.3189756302937613,0.01269317783017243,0.2461389282240174,0.2529263464759145
4286.426430459491,78.07629868309517,123.61553720158852,210.1757570028,0.6924928266692253,0.8448753109694546,0.07807629868309518,0.12361553720158852,0.4203515140056
507.05090438479897,357.9861144236988,435.3749506362557,183.20038619156264,0.42993107739014813,0.023271935735825863,0.35798611442369876,0.4353749506362557,0.3664007723831253
4146.555019909105,329.4619709550757,222.65262750133274,135.55930137296207,0.6729666223944324,0.8144684825889359,0.3294619709550757,0.22265262750133274,0.27111860274592414
1696.5319639576396,13.547996251741745,257.4086769648451,147.58692261469324,0.2753811742554185,0.28185477477339993,0.013547996251741745,0.2574086769648451,0.2951738452293865
943.5582070596188,110.98608096647472,179.61668469988285,127.09013672907,0.3063134987782127,0.11816482762165625,0.11098608096647472,0.17961668469988284,0.25418027345814
3604.990960675093,115.5373982940357,296.47542571746374,74.38711282970515,0.7889851599207933,0.6967371653641506,0.1155373982940357,0.2964754257174637,0.1487742256594103
3293.1370951874665,335.9463717993642,81.76193629251138,141.25549821475403,0.4464195164015822,0.628942846779884,0.3359463717993642,0.08176193629251138,0.28251099642950805
4436.371262224444,9.855268877182077,195.54076832588035,172.22132551252267,0.7983803405183525,0.8774720135270531,0.009855268877182077,0.19554076832588035,0.34444265102504534
3781.3268014978744,52.05429099228692,484.70616116764376,218.33072896520193,0.8224223736682784,0.7350710438038858,0.05205429099228692,0.48470616116764376,0.43666145793040384
4096.012279770303,399.9580426865947,129.06671635056378,159.07283849481203,0.8575623376612838,0.8034809303848486,0.3999580426865947,0.12906671635056377,0.31814567698962404
1697.3590338280098,89.27233102716681,328.3683322706461,190.2803842607895,0.9166352358412073,0.2820345725713065,0.08927233102716682,0.3283683322706461,0.380560768521579
1216.221901386725,326.37305392593737,162.59503211234744,40.01790873864325,0.43098522051329624,0.17743954377972282,0.32637305392593735,0.16259503211234744,0.0800358174772865
3852.8278575479485,119.09139052336326,386.7365628433003,115.38936860494748,0.31886681832113883,0.7506147516408583,0.11909139052336326,0.3867365628433003,0.23077873720989495
4111.439800629414,49.72069637967258,65.43683035917492,2.3329049567733238,0.5821987465941139,0.8068347392672639,0.04972069637967258,0.06543683035917491,0.004665809913546647
4956.323653203097,121.58609549972704,484.91052253927234,61.66971613040575,0.3711724234376276,0.9905051420006732,0.12158609549972704,0.48491052253927236,0.12333943226081151
2298.0413137925616,361.1334659278296,226.89477069181962,181.61542877825121,0.601074166800233,0.4126176769114264,0.3611334659278296,0.22689477069181962,0.3632308575565024
2111.2831946468023,427.84823405314285,118.02523167323199,247.95248783734087,0.7055858626438246,0.3720180857927831,0.4278482340531429,0.11802523167323199,0.4959049756746817
3971.4996194131854,415.1099322834958,36.748373665006326,24.794524896803978,0.6884050184921369,0.7764129607419968,0.4151099322834958,0.03674837366500633,0.04958904979360795
1967.696285163882,198.5917648092274,84.87895254377037,100.37357896532207,0.37455288702012135,0.34080354025301784,0.1985917648092274,0.08487895254377037,0.20074715793064413
4681.483697776398,334.04256828532306,259.88697427800884,200.01774217478987,0.16686020169875282,0.9307573256035648,0.3340425682853231,0.25988697427800883,0.40003548434957975
4348.698658477854,102.49214770791049,168.50158821564315,51.00890865722471,0.43052933846220753,0.8584127518430118,0.10249214770791049,0.16850158821564315,0.10201781731444942
2373.372525925084,146.57386513050662,414.44168294130475,138.77123732557155,0.14259414408190874,0.4289940273750183,0.14657386513050663,0.41444168294130473,0.2775424746511431
3854.006911840888,448.1679092605599,215.44376183090296,183.2678240074187,0.8900970351838083,0.7508710677914974,0.4481679092605599,0.21544376183090297,0.3665356480148374
3870.897220789539,6.500961755368017,124.35713629381495,153.99636256504476,0.3458774607378574,0.7545428740846823,0.006500961755368017,0.12435713629381495,0.3079927251300895
874.3697966452901,42.75426542723404,308.572493302015,47.00618365385403,0.15445974722332378,0.10312386883593262,0.04275426542723404,0.308572493302015,0.09401236730770807
4551.743370726007,103.94312757301365,353.3886084427229,88.84614217143485,0.025447759905750877,0.9025529066795668,0.10394312757301366,0.3533886084427229,0.1776922843428697
2724.160913260143,13.266101936909857,83.52095395047493,195.9479461213493,0.6458223862864843,0.5052523724478571,0.013266101936909858,0.08352095395047493,0.3918958922426986
4201.704344095611,90.71771754489866,83.80960814415883,138.55662853300416,0.6369023174547432,0.8264574661077416,0.09071771754489866,0.08380960814415883,0.2771132570660083
1872.228164740814,291.5207804848461,18.335713466771487,1.3074033857281842,0.34060416658129167,0.32004960103061175,0.2915207804848461,0.018335713466771486,0.0026148067714563683
4519.406851082522,210.71227529624898,368.20100753282026,190.24769000702346,0.071711888847651,0.8955232284962004,0.21071227529624897,0.36820100753282026,0.3804953800140469
2190.3277221771505,446.3358555384874,331.9022638109025,8.827838735059768,0.409628894895232,0.38920167873416317,0.4463358555384874,0.33190226381090254,0.017655677470119535
449.85319680937243,408.7217808692204,237.31543787490693,186.43344568280804,0.3112174950633936,0.010837651480298355,0.4087217808692204,0.23731543787490694,0.37286689136561607
4564.757091528613,170.90867584893797,422.08522448459854,50.620140041309355,0.6771206397350094,0.9053819764192638,0.17090867584893799,0.42208522448459856,0.1012402800826187
819.9187132162144,129.71171671564625,402.8350764750266,239.51837002984504,0.6057792494526903,0.09128667678613357,0.12971171671564624,0.4028350764750266,0.4790367400596901
1868.8427329159083,189.84620408363344,292.6771821983761,91.98518782552112,0.36459372819754,0.31931363759041487,0.18984620408363345,0.29267718219837613,0.18397037565104224
4770.285048433702,295.1474712574039,434.1356402566293,81.73290408451977,0.2178925542549901,0.9500619670508048,0.29514747125740387,0.4341356402566293,0.16346580816903955
4772.792875912758,134.03182041143813,102.92060501838412,37.222012583111166,0.9880359661555919,0.9506071469375561,0.13403182041143813,0.10292060501838413,0.07444402516622234
3037.814285367116,312.074453924567,55.959809698863936,76.40105387255372,0.45400162119611487,0.5734378881232861,0.312074453924567,0.05595980969886394,0.15280210774510744
3306.4511759810766,204.7058260956202,134.8748057584948,219.16269045705013,0.688274235780237,0.6318372121697993,0.2047058260956202,0.1348748057584948,0.4383253809141003
2462.849401100271,276.0235904259901,28.543428044657425,249.08358440681184,0.14055296757836078,0.44844552197831977,0.2760235904259901,0.028543428044657426,0.49816716881362366
1748.7695498110968,218.06326456765834,265.58476400051603,92.07738262671208,0.4855896996593978,0.29321077169806453,0.21806326456765834,0.265584764000516,0.18415476525342417
1911.8569087016135,147.23287977095885,468.30284614748075,112.15265773863564,0.027536719869465487,0.32866454536991596,0.14723287977095884,0.46830284614748074,0.22430531547727128
3493.5848979543766,474.22665348107836,19.671770334254823,180.51773455068425,0.50545511791045,0.6725184560770384,0.47422665348107834,0.019671770334254823,0.3610354691013685
3860.922835413328,381.80289707988044,61.0549570050134,221.54894511626864,0.9640174071177023,0.75237452943768,0.38180289707988047,0.0610549570050134,0.44309789023253726
4041.263601138903,70.05658788322627,226.09951414171763,148.26108354669603,0.3842067129858002,0.7915790437258485,0.07005658788322627,0.22609951414171764,0.2965221670933921
4032.243456854948,434.2339879489564,466.93750876395245,97.88142454445733,0.03899601257491159,0.7896181427945539,0.4342339879489564,0.46693750876395246,0.19576284908891467
819.5480740239757,243.7155991247568,158.07805248837525,103.15546021215593,0.03095579091934353,0.09120610304869037,0.2437155991247568,0.15807805248837525,0.20631092042431187
2674.333401631875,447.2761134470457,253.61740434419622,173.9045366242017,0.3879867599468695,0.4944203047025815,0.4472761134470457,0.2536174043441962,0.34780907324840343
664.7702960765637,399.9276279736576,20.78642952519605,0.8045659010696704,0.16002493646319405,0.05755876001664428,0.3999276279736576,0.02078642952519605,0.0016091318021393408
2927.8328586891835,212.60675223461672,74.17160048104444,154.89733436496016,0.023352096328185912,0.5495288823237355,0.21260675223461672,0.07417160048104443,0.30979466872992034
2431.0403063175345,11.2346541600587,493.31506147942343,88.87325261033935,0.7562136139501768,0.44153050137337707,0.011234654160058699,0.49331506147942344,0.1777465052206787
4483.439240688179,134.33867969247305,482.55934821802276,198.54933281927106,0.4585230088818907,0.8877041827582998,0.13433867969247304,0.48255934821802277,0.3970986656385421
2014.209057739562,270.8171073304335,2.469990467204808,23.24765995578304,0.2892447719726545,0.3509150125520787,0.27081710733043346,0.002469990467204808,0.04649531991156608
938.508275566987,316.73910991307366,475.90589271161946,147.05056673709763,0.9000831830164807,0.11706701642760586,0.31673910991307364,0.4759058927116195,0.29410113347419525
1057.761737443045,128.94384271660115,319.5599689077502,120.24322247153094,0.11613896020052561,0.14299168205283586,0.12894384271660114,0.3195599689077502,0.24048644494306187
3902.948905900372,69.67803703641206,433.95914726001104,160.58138147630686,0.9559188289553192,0.7615106317174722,0.06967803703641207,0.43395914726001106,0.3211627629526137
3243.803091254801,417.46511839964955,227.36992781692956,16.213398620742087,0.3139667173773528,0.6182180633162611,0.41746511839964956,0.22736992781692955,0.03242679724148417
865.1643101648351,492.2010903517761,257.79801428962514,144.99594685703283,0.8884036723086812,0.10112267612279024,0.49220109035177606,0.2577980142896251,0.28999189371406564
786.8913081289882,262.8450911513429,244.42329012846008,140.37114698988094,0.6029428764794615,0.08410680611499742,0.2628450911513429,0.2444232901284601,0.28074229397976186
3624.458004711952,85.83964292415175,333.43212877305217,140.16502360404274,0.8267073597414875,0.70096913145912,0.08583964292415175,0.33343212877305217,0.28033004720808546
734.7098292752903,136.15366325968446,69.82562737815645,150.8719166491137,0.9840131632104643,0.07276300636419354,0.13615366325968448,0.06982562737815645,0.3017438332982274
4180.556272735639,9.195338273733366,14.986794936338976,169.11698430659055,0.2884054378187457,0.8218600592903563,0.009195338273733367,0.014986794936338976,0.3382339686131811
3648.7142449198827,457.1494032802495,153.96497079559546,201.24724992019244,0.961135485407593,0.7062422271564962,0.4571494032802495,0.15396497079559546,0.4024944998403849
774.2043909527389,58.87554144507057,352.34038136832334,67.45518003205359,0.38948189490242036,0.08134878064189976,0.05887554144507057,0.35234038136832335,0.13491036006410717
790.2534847918828,288.2582377571268,100.92672606147418,206.26235254501552,0.3855119047369223,0.0848377140851919,0.2882582377571268,0.10092672606147418,0.41252470509003103
4938.542061105407,137.027610343603,336.71621666245863,124.56392056586341,0.3403871042545057,0.9866395785011755,0.13702761034360297,0.33671621666245866,0.2491278411317268
2121.6456604781533,277.0890012578967,484.95602305363525,19.26456978358279,0.5414076073475852,0.37427079575612027,0.2770890012578967,0.4849560230536353,0.03852913956716558
2104.953876507698,325.7101941759321,46.95035789470919,14.6377323109948,0.1541450431784871,0.3706421470668909,0.3257101941759321,0.046950357894709194,0.0292754646219896
4138.878009384512,414.8709018536008,336.30105911256317,83.5595796740152,0.5537114853580112,0.8127995672575026,0.4148709018536008,0.33630105911256314,0.1671191593480304
4757.34345596575,103.21063588030161,221.87510965228557,196.2242442778669,0.541704812410004,0.9472485773838587,0.1032106358803016,0.22187510965228557,0.3924484885557338
4935.604893585206,5.497914329240238,434.07112718875266,176.92023368522894,0.76190181260487,0.9860010638228709,0.005497914329240238,0.4340711271887527,0.3538404673704579
3865.5396521911316,68.44281503440364,88.57489472369295,197.15374116810162,0.8336499619375856,0.7533781852589416,0.06844281503440364,0.08857489472369295,0.3943074823362032
2130.794093442212,450.00932092405253,346.31297611308224,129.31726411040233,0.44044135031242404,0.3762595855309157,0.45000932092405255,0.34631297611308226,0.2586345282208047
784.1032968138763,436.9450387812576,419.0576448240551,110.04974948887264,0.30233324935149375,0.08350071669866876,0.4369450387812576,0.4190576448240551,0.22009949897774528
3974.875813266209,298.70655108515416,472.3071097370116,36.86313167657099,0.25933489731709447,0.7771469159274368,0.29870655108515415,0.4723071097370116,0.07372626335314197
2968.659548784703,300.2584302168267,341.6240141448229,82.04818840232788,0.19462383670487193,0.558404249735805,0.3002584302168267,0.3416240141448229,0.16409637680465577
2351.421242536091,332.5183372731277,248.58738200421365,108.50484154346881,0.05764758219902488,0.42422200924697634,0.33251833727312774,0.24858738200421365,0.21700968308693763
4569.230171435785,87.6856393117248,308.9236201006069,22.15010741990431,0.34244797883471334,0.906354385094736,0.0876856393117248,0.3089236201006069,0.044300214839808616
911.5084186082961,457.2059729624799,434.4524922393591,55.15298817780281,0.27024769213078326,0.11119748230615133,0.4572059729624799,0.4344524922393591,0.11030597635560563
2666.0754797379523,209.38526244603656,285.30487331941487,149.5563235159347,0.9664173858664074,0.4926251042908592,0.20938526244603656,0.28530487331941484,0.2991126470318694
452.2267659301277,191.56926412474874,15.19352984841843,183.91577855979747,0.5577088262500439,0.01135364476741907,0.19156926412474873,0.01519352984841843,0.3678315571195949
2555.838953172981,259.4588526414188,465.47434775348887,249.5868778482374,0.34727703903050755,0.46866064199412627,0.25945885264141877,0.4654743477534889,0.4991737556964748
658.9950681364519,23.482983387527522,344.7633755157806,233.27833283588942,0.580467600993696,0.05630327568183737,0.023482983387527523,0.34476337551578057,0.46655666567177884
946.5624148331308,83.1416843780397,338.25669288862326,160.64129988379787,0.1391967013456955,0.11881791626807191,0.0831416843780397,0.33825669288862326,0.32128259976759577
940.6207351746824,369.01680821318524,107.83757619885859,105.312013323518,0.4440437492022029,0.11752624677710487,0.3690168082131852,0.10783757619885859,0.210624026647036
3386.367389733892,41.39933396256323,329.4427351163286,159.0443411770582,0.6262343214210638,0.6492103021160636,0.041399333962563234,0.3294427351163286,0.31808868235411636
3831.8064446209473,301.5760547331941,196.93220282707924,196.412904520058,0.4888978317924514,0.7460448792654233,0.3015760547331941,0.19693220282707924,0.392825809040116
3083.496319446934,122.67455484066048,325.61648852074603,29.58404773084683,0.40177880065432425,0.5833687650971596,0.12267455484066048,0.32561648852074604,0.05916809546169366
4825.993722982893,194.64780702098827,53.29651515399536,102.47622242407206,0.9938483888996982,0.9621725484745419,0.19464780702098827,0.05329651515399536,0.20495244484814412
2124.4046658090388,144.34686838534992,328.92265230151804,209.9505714089043,0.880314762148927,0.37487057952370406,0.1443468683853499,0.328922652301518,0.4199011428178086
1714.2755968965594,177.83635823247457,499.7068628853333,95.958237983261,0.6234059581594401,0.28571208628186073,0.17783635823247457,0.4997068628853333,0.191916475966522
4395.555989671517,359.52295259212275,24.106019430278014,142.96806780679663,0.5693773611822828,0.8685991281894602,0.35952295259212275,0.024106019430278014,0.28593613561359327
1428.540857189482,148.5608578115875,488.58709211065866,146.94234021554956,0.620660479824584,0.2235958385194526,0.1485608578115875,0.48858709211065865,0.2938846804310991
4830.823681426812,283.2023201484486,203.4539803614353,46.11906328340984,0.20131210782243325,0.9632225394406113,0.2832023201484486,0.2034539803614353,0.09223812656681968
455.9105835731552,238.02520109954983,435.37672516862955,90.5588604130721,0.3951377432643186,0.012154474689816343,0.23802520109954983,0.4353767251686296,0.1811177208261442
4861.44260285514,331.83558268132407,391.19274202913675,83.62782218548304,0.03945953289089932,0.969878826707639,0.33183558268132407,0.39119274202913673,0.16725564437096607
598.5355949726502,468.414869662379,283.5081304933339,6.549177133016198,0.47554603748682667,0.04315991195057613,0.468414869662379,0.2835081304933339,0.013098354266032397
4499.258323011127,366.28604860512513,369.22460462566323,6.047940972838811,0.5430245839576632,0.8911431136980711,0.36628604860512515,0.36922460462566326,0.012095881945677622
2827.4251017969796,107.47018929537838,439.25778065067396,207.92426091894336,0.2277497361032096,0.5277011090862999,0.10747018929537838,0.43925778065067395,0.41584852183788673
4967.6380621487815,15.591567530642337,202.0701608255165,68.2677024932031,0.9640288471655137,0.9929647961193003,0.015591567530642336,0.2020701608255165,0.1365354049864062
739.4641977828348,131.13202214991253,163.51658078161935,129.51969155970386,0.909454610937242,0.07379656473539888,0.13113202214991254,0.16351658078161935,0.2590393831194077
2947.7297082460755,297.5389653501274,333.79669278179233,74.68139339719326,0.7221432354559059,0.5538542844013208,0.2975389653501274,0.3337966927817923,0.14936278679438653
4858.7916638478555,25.712906742125174,403.9229709706293,235.16981127883514,0.5333866287653626,0.9693025356190991,0.025712906742125174,0.4039229709706293,0.47033962255767026
2806.2500831826846,248.18312360061816,381.1425673883079,64.82418971644344,0.869969159647685,0.5230978441701488,0.24818312360061817,0.3811425673883079,0.12964837943288687
3295.2337354222077,298.4214244584446,398.9068244293172,107.41420318473376,0.1306523438234629,0.6293986381352625,0.2984214244584446,0.39890682442931724,0.21482840636946754
3600.443969329239,167.1219454084804,217.7916574064665,218.18256262115045,0.790509794274885,0.6957486889846172,0.1671219454084804,0.2177916574064665,0.4363651252423009
2490.8888979317567,385.45610187291095,408.9171080875108,210.48339169795216,0.1248208139668483,0.4545410647677732,0.38545610187291096,0.4089171080875108,0.4209667833959043
3286.767168386692,53.2991265668859,60.10452768530422,46.52535446156933,0.7942106625494054,0.6275580800840634,0.0532991265668859,0.06010452768530422,0.09305070892313866
3087.845834846261,37.56889086790438,272.2445489804248,200.6608274489276,0.27576756825135695,0.5843143119231002,0.03756889086790438,0.27224454898042477,0.4013216548978552
4545.326848258549,364.0943781018017,2.8793302490607853,114.54672168447317,0.8770905810181889,0.9011580104909889,0.3640943781018017,0.0028793302490607853,0.22909344336894633
609.0533495707062,247.74565810309923,162.29291495013516,120.7422180213388,0.9440420938253978,0.04544638034145788,0.24774565810309923,0.16229291495013515,0.2414844360426776
1692.4306721242594,344.201198213868,183.23076743569894,33.36999310398595,0.14879596940511564,0.2809631895922303,0.344201198213868,0.18323076743569894,0.06673998620797189
4771.892826752171,217.4136693018731,198.08634580462768,20.150378439281162,0.4626756050653935,0.9504114840765588,0.2174136693018731,0.1980863458046277,0.04030075687856233
4495.213405898216,123.2010166195534,347.7336033449311,181.9848267434413,0.9809873781626851,0.8902637838909164,0.1232010166195534,0.3477336033449311,0.3639696534868826
2496.0210628142795,409.5511588370999,194.27905063517287,124.11528808882494,0.4834074359731466,0.45565675278571294,0.40955115883709986,0.19427905063517287,0.24823057617764988
3252.609949887069,399.7079394844896,224.34681131126533,109.21267565379489,0.8635475225145451,0.6201325978015367,0.3997079394844896,0.22434681131126533,0.21842535130758978
1675.9534417132104,347.34823542721335,118.77206543716373,182.37705716309918,0.5887315221313199,0.2773811829811327,0.3473482354272134,0.11877206543716373,0.36475411432619836
1265.357334729302,136.07256861498135,186.62589581467003,191.37822474777744,0.37532990791960186,0.1881211597237613,0.13607256861498135,0.18662589581467004,0.3827564494955549
2533.012662723918,295.1153334345436,113.63481363157574,39.72704191733839,0.2857835555258702,0.46369840493998216,0.29511533343454355,0.11363481363157574,0.07945408383467678
2025.420248919843,180.4869484700134,36.59796188422182,152.5562873694103,0.20322309108608727,0.3533522280260528,0.1804869484700134,0.03659796188422182,0.30511257473882064
3084.8181145140115,45.79103666331707,301.72429669068896,33.838520569421384,0.7617981913776972,0.5836561118508721,0.045791036663317075,0.30172429669068895,0.06767704113884276
757.5793300389303,458.65678773112137,334.1063992775081,187.8437715072614,0.3865405068230279,0.07773463696498484,0.4586567877311214,0.3341063992775081,0.37568754301452284
4882.216115264366,68.4093154594807,309.74517300480727,164.23878906678488,0.5112754622007512,0.9743948076661665,0.06840931545948069,0.30974517300480725,0.32847757813356976
